<?xml version="1.0" encoding="utf-8"?>
<faces-config version="2.2"
              xmlns="http://xmlns.jcp.org/xml/ns/javaee"
              xmlns:xsi="http://www.w3.org/2001/XMLSchema-instance"
              xsi:schemaLocation="http://xmlns.jcp.org/xml/ns/javaee http://xmlns.jcp.org/xml/ns/javaee/web-facesconfig_2_2.xsd">
    <application>
        <el-resolver>
            org.springframework.web.jsf.el.SpringBeanFacesELResolver
        </el-resolver>
    </application>
    <application>
        <action-listener>org.primefaces.application.DialogActionListener</action-listener>
        <navigation-handler>org.primefaces.application.DialogNavigationHandler</navigation-handler>
        <view-handler>org.primefaces.application.DialogViewHandler</view-handler>
    </application>
    <application>
        <el-resolver>
            org.primefaces.application.exceptionhandler.PrimeExceptionHandlerELResolver
        </el-resolver>
    </application>
    <factory>
        <exception-handler-factory>
            org.primefaces.application.exceptionhandler.PrimeExceptionHandlerFactory
        </exception-handler-factory>
    </factory>
</faces-config>